"","AA.short","Fraction","d13C.value","SD"
"1","Ala","host",-15.3533625733333,0.715342254378943
"2","Asp","host",-10.353914143,0.946050905356361
"3","Gly","host",-13.4379789283333,1.60901265750408
"4","Glu","host",-8.11034356716667,1.31238177441577
"5","Pro","host",-10.3210833333333,0.630972369331477
"6","Ser","host",-9.13065843666667,1.70789954273374
"7","Tyr","host",-21.0765625033333,1.48555174827414
"8","Ile","host",-14.21030303,1.45600775195756
"9","Leu","host",-24.6925757566667,1.06443916152685
"10","Lys","host",-11.5883756033333,0.817036137707772
"11","Phe","host",-19.939431425,1.21847587381259
"12","Thr","host",-10.5283249156667,2.46196627466463
"13","Val","host",-24.2585,1.35695939204204
"14","Ala","plank",-20.82719298,NA
"15","Asp","plank",-15.37676768,NA
"16","Gly","plank",-19.48390805,NA
"17","Glu","plank",-16.1245614,NA
"18","Pro","plank",-17.28,NA
"19","Ser","plank",-11.02962963,NA
"20","Tyr","plank",-25.22291667,NA
"21","Ile","plank",-21.81454545,NA
"22","Leu","plank",-27.83515152,NA
"23","Lys","plank",-19.3384058,NA
"24","Phe","plank",-24.88385417,NA
"25","Thr","plank",-17.8959596,NA
"26","Val","plank",-27.19666667,NA
"27","Ala","symb",-16.9789912283333,1.60671755034209
"28","Asp","symb",-9.55047138033333,1.69899029665393
"29","Gly","symb",-17.2464942533333,3.07724268653965
"30","Glu","symb",-10.3773830416667,1.14224538896445
"31","Pro","symb",-12.1555555533333,1.79178941873081
"32","Ser","symb",-8.71843621433333,2.00507866729559
"33","Tyr","symb",-20.699131945,1.29127593763057
"34","Ile","symb",-15.0860101016667,2.284425412466
"35","Leu","symb",-24.9379292933333,1.10152971727299
"36","Lys","symb",-12.076570049,1.35963990660688
"37","Phe","symb",-20.3359635416667,1.03794071087666
"38","Thr","symb",-9.67254208833333,1.70826673008626
"39","Val","symb",-25.26761111,1.70112174969065
