"","AA.short","Fraction","d13C.value","SE"
"1","Ala","host",-15.3533625733333,0.292037252446769
"2","Asp","host",-10.353914143,0.386223664803524
"3","Gly","host",-13.4379789283333,0.656876666760758
"4","Glx","host",-8.11034356716667,0.535777615841168
"5","Pro","host",-10.3210833333333,0.257593391109509
"6","Ser","host",-9.13065843666667,0.697247068605064
"7","Tyr","host",-21.0765625033333,0.60647396162852
"8","Ile","host",-14.21030303,0.594412675638807
"9","Leu","host",-24.6925757566667,0.434555467996126
"10","Lys","host",-11.5883756033333,0.333553606466395
"11","Phe","host",-19.939431425,0.497440692455453
"12","Thr","host",-10.5283249156667,1.00509352281152
"13","Val","host",-24.2585,0.553976352030047
"14","Ala","plank",-20.82719298,0
"15","Asp","plank",-15.37676768,0
"16","Gly","plank",-19.48390805,0
"17","Glx","plank",-16.1245614,0
"18","Pro","plank",-17.28,0
"19","Ser","plank",-11.02962963,0
"20","Tyr","plank",-25.22291667,0
"21","Ile","plank",-21.81454545,0
"22","Leu","plank",-27.83515152,0
"23","Lys","plank",-19.3384058,0
"24","Phe","plank",-24.88385417,0
"25","Thr","plank",-17.8959596,0
"26","Val","plank",-27.19666667,0
"27","Ala","symb",-16.9789912283333,0.655939693185443
"28","Asp","symb",-9.55047138033333,0.69360988412366
"29","Gly","symb",-17.2464942533333,1.25627906612224
"30","Glx","symb",-10.3773830416667,0.466319727334968
"31","Pro","symb",-12.1555555533333,0.731494967068093
"32","Ser","symb",-8.71843621433333,0.818569938168987
"33","Tyr","symb",-20.699131945,0.527161194054802
"34","Ile","symb",-15.0860101016667,0.932612769331448
"35","Leu","symb",-24.9379292933333,0.44969762397184
"36","Lys","symb",-12.076570049,0.555070667518703
"37","Phe","symb",-20.3359635416667,0.423737520818242
"38","Thr","symb",-9.67254208833333,0.697396972214008
"39","Val","symb",-25.26761111,0.694480046182105
