"","AA.short","Fraction","d15N.value","SE"
"1","Ala","host",7.01833333333333,0.474815168717728
"2","Asp","host",6.43666666666667,0.355974406071248
"3","Glu","host",6.37666666666667,0.226210324943649
"4","Ile","host",6.26333333333333,0.792416837557383
"5","Leu","host",4.64666666666667,0.409761448216452
"6","Pro","host",6.81,0.426153337035705
"7","Val","host",6.23833333333333,0.415567216116853
"8","Gly","host",2.83833333333333,0.579542444040507
"9","Lys","host",3.08166666666667,0.283224488897255
"10","Ser","host",3.72833333333333,0.576815491393141
"11","Phe","host",1.34666666666667,0.379839147242327
"12","Thr","host",-1.06333333333333,0.771551107258042
"13","Tyr","host",2.10666666666667,0.353305030312964
"14","Ala","plank",12.53,0
"15","Asp","plank",8.94,0
"16","Glu","plank",11.55,0
"17","Ile","plank",7.25,0
"18","Leu","plank",6.72,0
"19","Pro","plank",11.99,0
"20","Val","plank",9.79,0
"21","Gly","plank",5.6,0
"22","Lys","plank",3.84,0
"23","Ser","plank",6.05,0
"24","Phe","plank",0.57,0
"25","Thr","plank",-1.98,0
"26","Tyr","plank",4.62,0
"27","Ala","symb",5.36833333333333,0.692971460050444
"28","Asp","symb",5.38333333333333,0.246315064726279
"29","Glu","symb",5.77,0.325545695717207
"30","Ile","symb",5.92666666666667,0.7031295123312
"31","Leu","symb",2.82333333333333,0.304714802907754
"32","Pro","symb",4.045,0.409281891447284
"33","Val","symb",5.96833333333333,0.318678695728332
"34","Gly","symb",4.02833333333333,0.6315030570877
"35","Lys","symb",2.89333333333333,0.527608861858016
"36","Ser","symb",3.71666666666667,0.476855440475529
"37","Phe","symb",2.03166666666667,0.760484129427506
"38","Thr","symb",1.04333333333333,0.930038230994356
"39","Tyr","symb",4.42833333333333,0.600840614842609
