"","AA.short","Fraction","d15N.value","SD"
"1","Ala","host",7.01833333333333,1.16305488549194
"2","Asp","host",6.43666666666667,0.871955656364856
"3","Glu","host",6.37666666666667,0.554099870661117
"4","Ile","host",6.26333333333333,1.94101691560549
"5","Leu","host",4.64666666666667,1.00370646439418
"6","Pro","host",6.81,1.04385822792178
"7","Val","host",6.23833333333333,1.01792763331519
"8","Gly","host",2.83833333333333,1.41958327218472
"9","Lys","host",3.08166666666667,0.693755480458833
"10","Ser","host",3.72833333333333,1.41290362964594
"11","Phe","host",1.34666666666667,0.930412095077588
"12","Thr","host",-1.06333333333333,1.88990652326158
"13","Tyr","host",2.10666666666667,0.865417047825305
"14","Ala","plank",12.53,0
"15","Asp","plank",8.94,0
"16","Glu","plank",11.55,0
"17","Ile","plank",7.25,0
"18","Leu","plank",6.72,0
"19","Pro","plank",11.99,0
"20","Val","plank",9.79,0
"21","Gly","plank",5.6,0
"22","Lys","plank",3.84,0
"23","Ser","plank",6.05,0
"24","Phe","plank",0.57,0
"25","Thr","plank",-1.98,0
"26","Tyr","plank",4.62,0
"27","Ala","symb",5.36833333333333,1.69742648343505
"28","Asp","symb",5.38333333333333,0.603346224539995
"29","Glu","symb",5.77,0.797420842466511
"30","Ile","symb",5.92666666666667,1.72230852830341
"31","Leu","symb",2.82333333333333,0.74639578419674
"32","Pro","symb",4.045,1.00253179500702
"33","Val","symb",5.96833333333333,0.780600196430072
"34","Gly","symb",4.02833333333333,1.54686026087254
"35","Lys","symb",2.89333333333333,1.29237249532272
"36","Ser","symb",3.71666666666667,1.16805251023516
"37","Phe","symb",2.03166666666667,1.86279807458207
"38","Thr","symb",1.04333333333333,2.27811910721689
"39","Tyr","symb",4.42833333333333,1.47175292310451
