"","Df","SumOfSqs","R2","F","Pr(>F)"
"Fraction",1,6.93130065297324,0.152930196321701,1.72364336357345,0.0559440559440559
"Treat.Int",2,7.89512806717088,0.174195803320044,0.981661724030408,0.46953046953047
"Fraction:Treat.Int",2,6.36902059471677,0.140524213086787,0.79190909687615,0.771228771228771
"Residual",6,24.1278473242978,0.532349787271469,NA,NA
"Total",11,45.3232966391587,1,NA,NA
