"","Df","SumOfSqs","R2","F","Pr(>F)"
"Fraction",1,0.179186606229197,0.188901970534,2.14740317303497,0.014985014985015
"Treat.Int",2,0.123701247219023,0.130408236692075,0.741228533696145,0.828171828171828
"Fraction:Treat.Int",2,0.145021070678027,0.152884005096838,0.868978753168049,0.666333666333666
"Residual",6,0.500660356134099,0.527805787677087,NA,NA
"Total",11,0.948569280260345,1,NA,NA
