"","Df","SumOfSqs","R2","F","Pr(>F)"
"Fraction",1,7.06532551843449,0.181648415234717,2.04175196869221,0.014985014985015
"Treat.Int",2,4.75304388015968,0.122200015571735,0.686772086740796,0.924075924075924
"Fraction:Treat.Int",2,6.31470027804183,0.162349957577423,0.912417389032768,0.601398601398601
"Residual",6,20.7625381342279,0.533801611616125,NA,NA
"Total",11,38.8956078108639,1,NA,NA
