"","Df","SumOfSqs","R2","F","Pr(>F)"
"Fraction",1,0.0450881907605894,0.133610461547194,1.40716394985895,0.142857142857143
"Treat.Int",2,0.0521395735876772,0.154505922158504,0.813615794689718,0.718281718281718
"Fraction:Treat.Int",2,0.0479809360230232,0.142182573737378,0.748722030238369,0.808191808191808
"Residual",6,0.192251332611707,0.569701042556924,NA,NA
"Total",11,0.337460032982997,1,NA,NA
